{
  "g_losses": [
    0.5920939360346112,
    0.6365346227373395,
    0.710192152432033,
    0.8098088502883911,
    0.8696541701044355,
    0.9593105741909572,
    1.0648203832762582,
    1.1102604866027832,
    1.1754354749407088,
    1.309371863092695
  ],
  "d_losses": [
    1.1014413578169686,
    0.875190121786935,
    0.7009127821241107,
    0.6606102841241019,
    0.6099971617971148,
    0.5219286765371051,
    0.5051729381084442,
    0.4766660375254495,
    0.41591860566820416,
    0.39863079360553194
  ]
}